,Buying,Maintanance,Doors,Persons,Lug_boot,Safety,Acceptability
0,3,3,2,2,0,0,0
1,3,3,2,2,0,1,0
2,3,3,2,2,0,2,0
3,3,3,2,2,1,0,0
4,3,3,2,2,1,1,0
5,3,3,2,2,1,2,0
6,3,3,2,2,2,0,0
7,3,3,2,2,2,1,0
8,3,3,2,2,2,2,0
9,3,3,2,4,0,0,0
10,3,3,2,4,0,1,0
11,3,3,2,4,0,2,0
12,3,3,2,4,1,0,0
13,3,3,2,4,1,1,0
14,3,3,2,4,1,2,0
15,3,3,2,4,2,0,0
16,3,3,2,4,2,1,0
17,3,3,2,4,2,2,0
18,3,3,2,6,0,0,0
19,3,3,2,6,0,1,0
20,3,3,2,6,0,2,0
21,3,3,2,6,1,0,0
22,3,3,2,6,1,1,0
23,3,3,2,6,1,2,0
24,3,3,2,6,2,0,0
25,3,3,2,6,2,1,0
26,3,3,2,6,2,2,0
27,3,3,3,2,0,0,0
28,3,3,3,2,0,1,0
29,3,3,3,2,0,2,0
30,3,3,3,2,1,0,0
31,3,3,3,2,1,1,0
32,3,3,3,2,1,2,0
33,3,3,3,2,2,0,0
34,3,3,3,2,2,1,0
35,3,3,3,2,2,2,0
36,3,3,3,4,0,0,0
37,3,3,3,4,0,1,0
38,3,3,3,4,0,2,0
39,3,3,3,4,1,0,0
40,3,3,3,4,1,1,0
41,3,3,3,4,1,2,0
42,3,3,3,4,2,0,0
43,3,3,3,4,2,1,0
44,3,3,3,4,2,2,0
45,3,3,3,6,0,0,0
46,3,3,3,6,0,1,0
47,3,3,3,6,0,2,0
48,3,3,3,6,1,0,0
49,3,3,3,6,1,1,0
50,3,3,3,6,1,2,0
51,3,3,3,6,2,0,0
52,3,3,3,6,2,1,0
53,3,3,3,6,2,2,0
54,3,3,4,2,0,0,0
55,3,3,4,2,0,1,0
56,3,3,4,2,0,2,0
57,3,3,4,2,1,0,0
58,3,3,4,2,1,1,0
59,3,3,4,2,1,2,0
60,3,3,4,2,2,0,0
61,3,3,4,2,2,1,0
62,3,3,4,2,2,2,0
63,3,3,4,4,0,0,0
64,3,3,4,4,0,1,0
65,3,3,4,4,0,2,0
66,3,3,4,4,1,0,0
67,3,3,4,4,1,1,0
68,3,3,4,4,1,2,0
69,3,3,4,4,2,0,0
70,3,3,4,4,2,1,0
71,3,3,4,4,2,2,0
72,3,3,4,6,0,0,0
73,3,3,4,6,0,1,0
74,3,3,4,6,0,2,0
75,3,3,4,6,1,0,0
76,3,3,4,6,1,1,0
77,3,3,4,6,1,2,0
78,3,3,4,6,2,0,0
79,3,3,4,6,2,1,0
80,3,3,4,6,2,2,0
81,3,3,5,2,0,0,0
82,3,3,5,2,0,1,0
83,3,3,5,2,0,2,0
84,3,3,5,2,1,0,0
85,3,3,5,2,1,1,0
86,3,3,5,2,1,2,0
87,3,3,5,2,2,0,0
88,3,3,5,2,2,1,0
89,3,3,5,2,2,2,0
90,3,3,5,4,0,0,0
91,3,3,5,4,0,1,0
92,3,3,5,4,0,2,0
93,3,3,5,4,1,0,0
94,3,3,5,4,1,1,0
95,3,3,5,4,1,2,0
96,3,3,5,4,2,0,0
97,3,3,5,4,2,1,0
98,3,3,5,4,2,2,0
99,3,3,5,6,0,0,0
100,3,3,5,6,0,1,0
101,3,3,5,6,0,2,0
102,3,3,5,6,1,0,0
103,3,3,5,6,1,1,0
104,3,3,5,6,1,2,0
105,3,3,5,6,2,0,0
106,3,3,5,6,2,1,0
107,3,3,5,6,2,2,0
108,3,2,2,2,0,0,0
109,3,2,2,2,0,1,0
110,3,2,2,2,0,2,0
111,3,2,2,2,1,0,0
112,3,2,2,2,1,1,0
113,3,2,2,2,1,2,0
114,3,2,2,2,2,0,0
115,3,2,2,2,2,1,0
116,3,2,2,2,2,2,0
117,3,2,2,4,0,0,0
118,3,2,2,4,0,1,0
119,3,2,2,4,0,2,0
120,3,2,2,4,1,0,0
121,3,2,2,4,1,1,0
122,3,2,2,4,1,2,0
123,3,2,2,4,2,0,0
124,3,2,2,4,2,1,0
125,3,2,2,4,2,2,0
126,3,2,2,6,0,0,0
127,3,2,2,6,0,1,0
128,3,2,2,6,0,2,0
129,3,2,2,6,1,0,0
130,3,2,2,6,1,1,0
131,3,2,2,6,1,2,0
132,3,2,2,6,2,0,0
133,3,2,2,6,2,1,0
134,3,2,2,6,2,2,0
135,3,2,3,2,0,0,0
136,3,2,3,2,0,1,0
137,3,2,3,2,0,2,0
138,3,2,3,2,1,0,0
139,3,2,3,2,1,1,0
140,3,2,3,2,1,2,0
141,3,2,3,2,2,0,0
142,3,2,3,2,2,1,0
143,3,2,3,2,2,2,0
144,3,2,3,4,0,0,0
145,3,2,3,4,0,1,0
146,3,2,3,4,0,2,0
147,3,2,3,4,1,0,0
148,3,2,3,4,1,1,0
149,3,2,3,4,1,2,0
150,3,2,3,4,2,0,0
151,3,2,3,4,2,1,0
152,3,2,3,4,2,2,0
153,3,2,3,6,0,0,0
154,3,2,3,6,0,1,0
155,3,2,3,6,0,2,0
156,3,2,3,6,1,0,0
157,3,2,3,6,1,1,0
158,3,2,3,6,1,2,0
159,3,2,3,6,2,0,0
160,3,2,3,6,2,1,0
161,3,2,3,6,2,2,0
162,3,2,4,2,0,0,0
163,3,2,4,2,0,1,0
164,3,2,4,2,0,2,0
165,3,2,4,2,1,0,0
166,3,2,4,2,1,1,0
167,3,2,4,2,1,2,0
168,3,2,4,2,2,0,0
169,3,2,4,2,2,1,0
170,3,2,4,2,2,2,0
171,3,2,4,4,0,0,0
172,3,2,4,4,0,1,0
173,3,2,4,4,0,2,0
174,3,2,4,4,1,0,0
175,3,2,4,4,1,1,0
176,3,2,4,4,1,2,0
177,3,2,4,4,2,0,0
178,3,2,4,4,2,1,0
179,3,2,4,4,2,2,0
180,3,2,4,6,0,0,0
181,3,2,4,6,0,1,0
182,3,2,4,6,0,2,0
183,3,2,4,6,1,0,0
184,3,2,4,6,1,1,0
185,3,2,4,6,1,2,0
186,3,2,4,6,2,0,0
187,3,2,4,6,2,1,0
188,3,2,4,6,2,2,0
189,3,2,5,2,0,0,0
190,3,2,5,2,0,1,0
191,3,2,5,2,0,2,0
192,3,2,5,2,1,0,0
193,3,2,5,2,1,1,0
194,3,2,5,2,1,2,0
195,3,2,5,2,2,0,0
196,3,2,5,2,2,1,0
197,3,2,5,2,2,2,0
198,3,2,5,4,0,0,0
199,3,2,5,4,0,1,0
200,3,2,5,4,0,2,0
201,3,2,5,4,1,0,0
202,3,2,5,4,1,1,0
203,3,2,5,4,1,2,0
204,3,2,5,4,2,0,0
205,3,2,5,4,2,1,0
206,3,2,5,4,2,2,0
207,3,2,5,6,0,0,0
208,3,2,5,6,0,1,0
209,3,2,5,6,0,2,0
210,3,2,5,6,1,0,0
211,3,2,5,6,1,1,0
212,3,2,5,6,1,2,0
213,3,2,5,6,2,0,0
214,3,2,5,6,2,1,0
215,3,2,5,6,2,2,0
216,3,1,2,2,0,0,0
217,3,1,2,2,0,1,0
218,3,1,2,2,0,2,0
219,3,1,2,2,1,0,0
220,3,1,2,2,1,1,0
221,3,1,2,2,1,2,0
222,3,1,2,2,2,0,0
223,3,1,2,2,2,1,0
224,3,1,2,2,2,2,0
225,3,1,2,4,0,0,0
226,3,1,2,4,0,1,0
227,3,1,2,4,0,2,1
228,3,1,2,4,1,0,0
229,3,1,2,4,1,1,0
230,3,1,2,4,1,2,1
231,3,1,2,4,2,0,0
232,3,1,2,4,2,1,1
233,3,1,2,4,2,2,1
234,3,1,2,6,0,0,0
235,3,1,2,6,0,1,0
236,3,1,2,6,0,2,0
237,3,1,2,6,1,0,0
238,3,1,2,6,1,1,0
239,3,1,2,6,1,2,1
240,3,1,2,6,2,0,0
241,3,1,2,6,2,1,1
242,3,1,2,6,2,2,1
243,3,1,3,2,0,0,0
244,3,1,3,2,0,1,0
245,3,1,3,2,0,2,0
246,3,1,3,2,1,0,0
247,3,1,3,2,1,1,0
248,3,1,3,2,1,2,0
249,3,1,3,2,2,0,0
250,3,1,3,2,2,1,0
251,3,1,3,2,2,2,0
252,3,1,3,4,0,0,0
253,3,1,3,4,0,1,0
254,3,1,3,4,0,2,1
255,3,1,3,4,1,0,0
256,3,1,3,4,1,1,0
257,3,1,3,4,1,2,1
258,3,1,3,4,2,0,0
259,3,1,3,4,2,1,1
260,3,1,3,4,2,2,1
261,3,1,3,6,0,0,0
262,3,1,3,6,0,1,0
263,3,1,3,6,0,2,1
264,3,1,3,6,1,0,0
265,3,1,3,6,1,1,1
266,3,1,3,6,1,2,1
267,3,1,3,6,2,0,0
268,3,1,3,6,2,1,1
269,3,1,3,6,2,2,1
270,3,1,4,2,0,0,0
271,3,1,4,2,0,1,0
272,3,1,4,2,0,2,0
273,3,1,4,2,1,0,0
274,3,1,4,2,1,1,0
275,3,1,4,2,1,2,0
276,3,1,4,2,2,0,0
277,3,1,4,2,2,1,0
278,3,1,4,2,2,2,0
279,3,1,4,4,0,0,0
280,3,1,4,4,0,1,0
281,3,1,4,4,0,2,1
282,3,1,4,4,1,0,0
283,3,1,4,4,1,1,1
284,3,1,4,4,1,2,1
285,3,1,4,4,2,0,0
286,3,1,4,4,2,1,1
287,3,1,4,4,2,2,1
288,3,1,4,6,0,0,0
289,3,1,4,6,0,1,0
290,3,1,4,6,0,2,1
291,3,1,4,6,1,0,0
292,3,1,4,6,1,1,1
293,3,1,4,6,1,2,1
294,3,1,4,6,2,0,0
295,3,1,4,6,2,1,1
296,3,1,4,6,2,2,1
297,3,1,5,2,0,0,0
298,3,1,5,2,0,1,0
299,3,1,5,2,0,2,0
300,3,1,5,2,1,0,0
301,3,1,5,2,1,1,0
302,3,1,5,2,1,2,0
303,3,1,5,2,2,0,0
304,3,1,5,2,2,1,0
305,3,1,5,2,2,2,0
306,3,1,5,4,0,0,0
307,3,1,5,4,0,1,0
308,3,1,5,4,0,2,1
309,3,1,5,4,1,0,0
310,3,1,5,4,1,1,1
311,3,1,5,4,1,2,1
312,3,1,5,4,2,0,0
313,3,1,5,4,2,1,1
314,3,1,5,4,2,2,1
315,3,1,5,6,0,0,0
316,3,1,5,6,0,1,0
317,3,1,5,6,0,2,1
318,3,1,5,6,1,0,0
319,3,1,5,6,1,1,1
320,3,1,5,6,1,2,1
321,3,1,5,6,2,0,0
322,3,1,5,6,2,1,1
323,3,1,5,6,2,2,1
324,3,0,2,2,0,0,0
325,3,0,2,2,0,1,0
326,3,0,2,2,0,2,0
327,3,0,2,2,1,0,0
328,3,0,2,2,1,1,0
329,3,0,2,2,1,2,0
330,3,0,2,2,2,0,0
331,3,0,2,2,2,1,0
332,3,0,2,2,2,2,0
333,3,0,2,4,0,0,0
334,3,0,2,4,0,1,0
335,3,0,2,4,0,2,1
336,3,0,2,4,1,0,0
337,3,0,2,4,1,1,0
338,3,0,2,4,1,2,1
339,3,0,2,4,2,0,0
340,3,0,2,4,2,1,1
341,3,0,2,4,2,2,1
342,3,0,2,6,0,0,0
343,3,0,2,6,0,1,0
344,3,0,2,6,0,2,0
345,3,0,2,6,1,0,0
346,3,0,2,6,1,1,0
347,3,0,2,6,1,2,1
348,3,0,2,6,2,0,0
349,3,0,2,6,2,1,1
350,3,0,2,6,2,2,1
351,3,0,3,2,0,0,0
352,3,0,3,2,0,1,0
353,3,0,3,2,0,2,0
354,3,0,3,2,1,0,0
355,3,0,3,2,1,1,0
356,3,0,3,2,1,2,0
357,3,0,3,2,2,0,0
358,3,0,3,2,2,1,0
359,3,0,3,2,2,2,0
360,3,0,3,4,0,0,0
361,3,0,3,4,0,1,0
362,3,0,3,4,0,2,1
363,3,0,3,4,1,0,0
364,3,0,3,4,1,1,0
365,3,0,3,4,1,2,1
366,3,0,3,4,2,0,0
367,3,0,3,4,2,1,1
368,3,0,3,4,2,2,1
369,3,0,3,6,0,0,0
370,3,0,3,6,0,1,0
371,3,0,3,6,0,2,1
372,3,0,3,6,1,0,0
373,3,0,3,6,1,1,1
374,3,0,3,6,1,2,1
375,3,0,3,6,2,0,0
376,3,0,3,6,2,1,1
377,3,0,3,6,2,2,1
378,3,0,4,2,0,0,0
379,3,0,4,2,0,1,0
380,3,0,4,2,0,2,0
381,3,0,4,2,1,0,0
382,3,0,4,2,1,1,0
383,3,0,4,2,1,2,0
384,3,0,4,2,2,0,0
385,3,0,4,2,2,1,0
386,3,0,4,2,2,2,0
387,3,0,4,4,0,0,0
388,3,0,4,4,0,1,0
389,3,0,4,4,0,2,1
390,3,0,4,4,1,0,0
391,3,0,4,4,1,1,1
392,3,0,4,4,1,2,1
393,3,0,4,4,2,0,0
394,3,0,4,4,2,1,1
395,3,0,4,4,2,2,1
396,3,0,4,6,0,0,0
397,3,0,4,6,0,1,0
398,3,0,4,6,0,2,1
399,3,0,4,6,1,0,0
400,3,0,4,6,1,1,1
401,3,0,4,6,1,2,1
402,3,0,4,6,2,0,0
403,3,0,4,6,2,1,1
404,3,0,4,6,2,2,1
405,3,0,5,2,0,0,0
406,3,0,5,2,0,1,0
407,3,0,5,2,0,2,0
408,3,0,5,2,1,0,0
409,3,0,5,2,1,1,0
410,3,0,5,2,1,2,0
411,3,0,5,2,2,0,0
412,3,0,5,2,2,1,0
413,3,0,5,2,2,2,0
414,3,0,5,4,0,0,0
415,3,0,5,4,0,1,0
416,3,0,5,4,0,2,1
417,3,0,5,4,1,0,0
418,3,0,5,4,1,1,1
419,3,0,5,4,1,2,1
420,3,0,5,4,2,0,0
421,3,0,5,4,2,1,1
422,3,0,5,4,2,2,1
423,3,0,5,6,0,0,0
424,3,0,5,6,0,1,0
425,3,0,5,6,0,2,1
426,3,0,5,6,1,0,0
427,3,0,5,6,1,1,1
428,3,0,5,6,1,2,1
429,3,0,5,6,2,0,0
430,3,0,5,6,2,1,1
431,3,0,5,6,2,2,1
432,2,3,2,2,0,0,0
433,2,3,2,2,0,1,0
434,2,3,2,2,0,2,0
435,2,3,2,2,1,0,0
436,2,3,2,2,1,1,0
437,2,3,2,2,1,2,0
438,2,3,2,2,2,0,0
439,2,3,2,2,2,1,0
440,2,3,2,2,2,2,0
441,2,3,2,4,0,0,0
442,2,3,2,4,0,1,0
443,2,3,2,4,0,2,0
444,2,3,2,4,1,0,0
445,2,3,2,4,1,1,0
446,2,3,2,4,1,2,0
447,2,3,2,4,2,0,0
448,2,3,2,4,2,1,0
449,2,3,2,4,2,2,0
450,2,3,2,6,0,0,0
451,2,3,2,6,0,1,0
452,2,3,2,6,0,2,0
453,2,3,2,6,1,0,0
454,2,3,2,6,1,1,0
455,2,3,2,6,1,2,0
456,2,3,2,6,2,0,0
457,2,3,2,6,2,1,0
458,2,3,2,6,2,2,0
459,2,3,3,2,0,0,0
460,2,3,3,2,0,1,0
461,2,3,3,2,0,2,0
462,2,3,3,2,1,0,0
463,2,3,3,2,1,1,0
464,2,3,3,2,1,2,0
465,2,3,3,2,2,0,0
466,2,3,3,2,2,1,0
467,2,3,3,2,2,2,0
468,2,3,3,4,0,0,0
469,2,3,3,4,0,1,0
470,2,3,3,4,0,2,0
471,2,3,3,4,1,0,0
472,2,3,3,4,1,1,0
473,2,3,3,4,1,2,0
474,2,3,3,4,2,0,0
475,2,3,3,4,2,1,0
476,2,3,3,4,2,2,0
477,2,3,3,6,0,0,0
478,2,3,3,6,0,1,0
479,2,3,3,6,0,2,0
480,2,3,3,6,1,0,0
481,2,3,3,6,1,1,0
482,2,3,3,6,1,2,0
483,2,3,3,6,2,0,0
484,2,3,3,6,2,1,0
485,2,3,3,6,2,2,0
486,2,3,4,2,0,0,0
487,2,3,4,2,0,1,0
488,2,3,4,2,0,2,0
489,2,3,4,2,1,0,0
490,2,3,4,2,1,1,0
491,2,3,4,2,1,2,0
492,2,3,4,2,2,0,0
493,2,3,4,2,2,1,0
494,2,3,4,2,2,2,0
495,2,3,4,4,0,0,0
496,2,3,4,4,0,1,0
497,2,3,4,4,0,2,0
498,2,3,4,4,1,0,0
499,2,3,4,4,1,1,0
500,2,3,4,4,1,2,0
501,2,3,4,4,2,0,0
502,2,3,4,4,2,1,0
503,2,3,4,4,2,2,0
504,2,3,4,6,0,0,0
505,2,3,4,6,0,1,0
506,2,3,4,6,0,2,0
507,2,3,4,6,1,0,0
508,2,3,4,6,1,1,0
509,2,3,4,6,1,2,0
510,2,3,4,6,2,0,0
511,2,3,4,6,2,1,0
512,2,3,4,6,2,2,0
513,2,3,5,2,0,0,0
514,2,3,5,2,0,1,0
515,2,3,5,2,0,2,0
516,2,3,5,2,1,0,0
517,2,3,5,2,1,1,0
518,2,3,5,2,1,2,0
519,2,3,5,2,2,0,0
520,2,3,5,2,2,1,0
521,2,3,5,2,2,2,0
522,2,3,5,4,0,0,0
523,2,3,5,4,0,1,0
524,2,3,5,4,0,2,0
525,2,3,5,4,1,0,0
526,2,3,5,4,1,1,0
527,2,3,5,4,1,2,0
528,2,3,5,4,2,0,0
529,2,3,5,4,2,1,0
530,2,3,5,4,2,2,0
531,2,3,5,6,0,0,0
532,2,3,5,6,0,1,0
533,2,3,5,6,0,2,0
534,2,3,5,6,1,0,0
535,2,3,5,6,1,1,0
536,2,3,5,6,1,2,0
537,2,3,5,6,2,0,0
538,2,3,5,6,2,1,0
539,2,3,5,6,2,2,0
540,2,2,2,2,0,0,0
541,2,2,2,2,0,1,0
542,2,2,2,2,0,2,0
543,2,2,2,2,1,0,0
544,2,2,2,2,1,1,0
545,2,2,2,2,1,2,0
546,2,2,2,2,2,0,0
547,2,2,2,2,2,1,0
548,2,2,2,2,2,2,0
549,2,2,2,4,0,0,0
550,2,2,2,4,0,1,0
551,2,2,2,4,0,2,1
552,2,2,2,4,1,0,0
553,2,2,2,4,1,1,0
554,2,2,2,4,1,2,1
555,2,2,2,4,2,0,0
556,2,2,2,4,2,1,1
557,2,2,2,4,2,2,1
558,2,2,2,6,0,0,0
559,2,2,2,6,0,1,0
560,2,2,2,6,0,2,0
561,2,2,2,6,1,0,0
562,2,2,2,6,1,1,0
563,2,2,2,6,1,2,1
564,2,2,2,6,2,0,0
565,2,2,2,6,2,1,1
566,2,2,2,6,2,2,1
567,2,2,3,2,0,0,0
568,2,2,3,2,0,1,0
569,2,2,3,2,0,2,0
570,2,2,3,2,1,0,0
571,2,2,3,2,1,1,0
572,2,2,3,2,1,2,0
573,2,2,3,2,2,0,0
574,2,2,3,2,2,1,0
575,2,2,3,2,2,2,0
576,2,2,3,4,0,0,0
577,2,2,3,4,0,1,0
578,2,2,3,4,0,2,1
579,2,2,3,4,1,0,0
580,2,2,3,4,1,1,0
581,2,2,3,4,1,2,1
582,2,2,3,4,2,0,0
583,2,2,3,4,2,1,1
584,2,2,3,4,2,2,1
585,2,2,3,6,0,0,0
586,2,2,3,6,0,1,0
587,2,2,3,6,0,2,1
588,2,2,3,6,1,0,0
589,2,2,3,6,1,1,1
590,2,2,3,6,1,2,1
591,2,2,3,6,2,0,0
592,2,2,3,6,2,1,1
593,2,2,3,6,2,2,1
594,2,2,4,2,0,0,0
595,2,2,4,2,0,1,0
596,2,2,4,2,0,2,0
597,2,2,4,2,1,0,0
598,2,2,4,2,1,1,0
599,2,2,4,2,1,2,0
600,2,2,4,2,2,0,0
601,2,2,4,2,2,1,0
602,2,2,4,2,2,2,0
603,2,2,4,4,0,0,0
604,2,2,4,4,0,1,0
605,2,2,4,4,0,2,1
606,2,2,4,4,1,0,0
607,2,2,4,4,1,1,1
608,2,2,4,4,1,2,1
609,2,2,4,4,2,0,0
610,2,2,4,4,2,1,1
611,2,2,4,4,2,2,1
612,2,2,4,6,0,0,0
613,2,2,4,6,0,1,0
614,2,2,4,6,0,2,1
615,2,2,4,6,1,0,0
616,2,2,4,6,1,1,1
617,2,2,4,6,1,2,1
618,2,2,4,6,2,0,0
619,2,2,4,6,2,1,1
620,2,2,4,6,2,2,1
621,2,2,5,2,0,0,0
622,2,2,5,2,0,1,0
623,2,2,5,2,0,2,0
624,2,2,5,2,1,0,0
625,2,2,5,2,1,1,0
626,2,2,5,2,1,2,0
627,2,2,5,2,2,0,0
628,2,2,5,2,2,1,0
629,2,2,5,2,2,2,0
630,2,2,5,4,0,0,0
631,2,2,5,4,0,1,0
632,2,2,5,4,0,2,1
633,2,2,5,4,1,0,0
634,2,2,5,4,1,1,1
635,2,2,5,4,1,2,1
636,2,2,5,4,2,0,0
637,2,2,5,4,2,1,1
638,2,2,5,4,2,2,1
639,2,2,5,6,0,0,0
640,2,2,5,6,0,1,0
641,2,2,5,6,0,2,1
642,2,2,5,6,1,0,0
643,2,2,5,6,1,1,1
644,2,2,5,6,1,2,1
645,2,2,5,6,2,0,0
646,2,2,5,6,2,1,1
647,2,2,5,6,2,2,1
648,2,1,2,2,0,0,0
649,2,1,2,2,0,1,0
650,2,1,2,2,0,2,0
651,2,1,2,2,1,0,0
652,2,1,2,2,1,1,0
653,2,1,2,2,1,2,0
654,2,1,2,2,2,0,0
655,2,1,2,2,2,1,0
656,2,1,2,2,2,2,0
657,2,1,2,4,0,0,0
658,2,1,2,4,0,1,0
659,2,1,2,4,0,2,1
660,2,1,2,4,1,0,0
661,2,1,2,4,1,1,0
662,2,1,2,4,1,2,1
663,2,1,2,4,2,0,0
664,2,1,2,4,2,1,1
665,2,1,2,4,2,2,1
666,2,1,2,6,0,0,0
667,2,1,2,6,0,1,0
668,2,1,2,6,0,2,0
669,2,1,2,6,1,0,0
670,2,1,2,6,1,1,0
671,2,1,2,6,1,2,1
672,2,1,2,6,2,0,0
673,2,1,2,6,2,1,1
674,2,1,2,6,2,2,1
675,2,1,3,2,0,0,0
676,2,1,3,2,0,1,0
677,2,1,3,2,0,2,0
678,2,1,3,2,1,0,0
679,2,1,3,2,1,1,0
680,2,1,3,2,1,2,0
681,2,1,3,2,2,0,0
682,2,1,3,2,2,1,0
683,2,1,3,2,2,2,0
684,2,1,3,4,0,0,0
685,2,1,3,4,0,1,0
686,2,1,3,4,0,2,1
687,2,1,3,4,1,0,0
688,2,1,3,4,1,1,0
689,2,1,3,4,1,2,1
690,2,1,3,4,2,0,0
691,2,1,3,4,2,1,1
692,2,1,3,4,2,2,1
693,2,1,3,6,0,0,0
694,2,1,3,6,0,1,0
695,2,1,3,6,0,2,1
696,2,1,3,6,1,0,0
697,2,1,3,6,1,1,1
698,2,1,3,6,1,2,1
699,2,1,3,6,2,0,0
700,2,1,3,6,2,1,1
701,2,1,3,6,2,2,1
702,2,1,4,2,0,0,0
703,2,1,4,2,0,1,0
704,2,1,4,2,0,2,0
705,2,1,4,2,1,0,0
706,2,1,4,2,1,1,0
707,2,1,4,2,1,2,0
708,2,1,4,2,2,0,0
709,2,1,4,2,2,1,0
710,2,1,4,2,2,2,0
711,2,1,4,4,0,0,0
712,2,1,4,4,0,1,0
713,2,1,4,4,0,2,1
714,2,1,4,4,1,0,0
715,2,1,4,4,1,1,1
716,2,1,4,4,1,2,1
717,2,1,4,4,2,0,0
718,2,1,4,4,2,1,1
719,2,1,4,4,2,2,1
720,2,1,4,6,0,0,0
721,2,1,4,6,0,1,0
722,2,1,4,6,0,2,1
723,2,1,4,6,1,0,0
724,2,1,4,6,1,1,1
725,2,1,4,6,1,2,1
726,2,1,4,6,2,0,0
727,2,1,4,6,2,1,1
728,2,1,4,6,2,2,1
729,2,1,5,2,0,0,0
730,2,1,5,2,0,1,0
731,2,1,5,2,0,2,0
732,2,1,5,2,1,0,0
733,2,1,5,2,1,1,0
734,2,1,5,2,1,2,0
735,2,1,5,2,2,0,0
736,2,1,5,2,2,1,0
737,2,1,5,2,2,2,0
738,2,1,5,4,0,0,0
739,2,1,5,4,0,1,0
740,2,1,5,4,0,2,1
741,2,1,5,4,1,0,0
742,2,1,5,4,1,1,1
743,2,1,5,4,1,2,1
744,2,1,5,4,2,0,0
745,2,1,5,4,2,1,1
746,2,1,5,4,2,2,1
747,2,1,5,6,0,0,0
748,2,1,5,6,0,1,0
749,2,1,5,6,0,2,1
750,2,1,5,6,1,0,0
751,2,1,5,6,1,1,1
752,2,1,5,6,1,2,1
753,2,1,5,6,2,0,0
754,2,1,5,6,2,1,1
755,2,1,5,6,2,2,1
756,2,0,2,2,0,0,0
757,2,0,2,2,0,1,0
758,2,0,2,2,0,2,0
759,2,0,2,2,1,0,0
760,2,0,2,2,1,1,0
761,2,0,2,2,1,2,0
762,2,0,2,2,2,0,0
763,2,0,2,2,2,1,0
764,2,0,2,2,2,2,0
765,2,0,2,4,0,0,0
766,2,0,2,4,0,1,0
767,2,0,2,4,0,2,1
768,2,0,2,4,1,0,0
769,2,0,2,4,1,1,0
770,2,0,2,4,1,2,1
771,2,0,2,4,2,0,0
772,2,0,2,4,2,1,1
773,2,0,2,4,2,2,1
774,2,0,2,6,0,0,0
775,2,0,2,6,0,1,0
776,2,0,2,6,0,2,0
777,2,0,2,6,1,0,0
778,2,0,2,6,1,1,0
779,2,0,2,6,1,2,1
780,2,0,2,6,2,0,0
781,2,0,2,6,2,1,1
782,2,0,2,6,2,2,1
783,2,0,3,2,0,0,0
784,2,0,3,2,0,1,0
785,2,0,3,2,0,2,0
786,2,0,3,2,1,0,0
787,2,0,3,2,1,1,0
788,2,0,3,2,1,2,0
789,2,0,3,2,2,0,0
790,2,0,3,2,2,1,0
791,2,0,3,2,2,2,0
792,2,0,3,4,0,0,0
793,2,0,3,4,0,1,0
794,2,0,3,4,0,2,1
795,2,0,3,4,1,0,0
796,2,0,3,4,1,1,0
797,2,0,3,4,1,2,1
798,2,0,3,4,2,0,0
799,2,0,3,4,2,1,1
800,2,0,3,4,2,2,1
801,2,0,3,6,0,0,0
802,2,0,3,6,0,1,0
803,2,0,3,6,0,2,1
804,2,0,3,6,1,0,0
805,2,0,3,6,1,1,1
806,2,0,3,6,1,2,1
807,2,0,3,6,2,0,0
808,2,0,3,6,2,1,1
809,2,0,3,6,2,2,1
810,2,0,4,2,0,0,0
811,2,0,4,2,0,1,0
812,2,0,4,2,0,2,0
813,2,0,4,2,1,0,0
814,2,0,4,2,1,1,0
815,2,0,4,2,1,2,0
816,2,0,4,2,2,0,0
817,2,0,4,2,2,1,0
818,2,0,4,2,2,2,0
819,2,0,4,4,0,0,0
820,2,0,4,4,0,1,0
821,2,0,4,4,0,2,1
822,2,0,4,4,1,0,0
823,2,0,4,4,1,1,1
824,2,0,4,4,1,2,1
825,2,0,4,4,2,0,0
826,2,0,4,4,2,1,1
827,2,0,4,4,2,2,1
828,2,0,4,6,0,0,0
829,2,0,4,6,0,1,0
830,2,0,4,6,0,2,1
831,2,0,4,6,1,0,0
832,2,0,4,6,1,1,1
833,2,0,4,6,1,2,1
834,2,0,4,6,2,0,0
835,2,0,4,6,2,1,1
836,2,0,4,6,2,2,1
837,2,0,5,2,0,0,0
838,2,0,5,2,0,1,0
839,2,0,5,2,0,2,0
840,2,0,5,2,1,0,0
841,2,0,5,2,1,1,0
842,2,0,5,2,1,2,0
843,2,0,5,2,2,0,0
844,2,0,5,2,2,1,0
845,2,0,5,2,2,2,0
846,2,0,5,4,0,0,0
847,2,0,5,4,0,1,0
848,2,0,5,4,0,2,1
849,2,0,5,4,1,0,0
850,2,0,5,4,1,1,1
851,2,0,5,4,1,2,1
852,2,0,5,4,2,0,0
853,2,0,5,4,2,1,1
854,2,0,5,4,2,2,1
855,2,0,5,6,0,0,0
856,2,0,5,6,0,1,0
857,2,0,5,6,0,2,1
858,2,0,5,6,1,0,0
859,2,0,5,6,1,1,1
860,2,0,5,6,1,2,1
861,2,0,5,6,2,0,0
862,2,0,5,6,2,1,1
863,2,0,5,6,2,2,1
864,1,3,2,2,0,0,0
865,1,3,2,2,0,1,0
866,1,3,2,2,0,2,0
867,1,3,2,2,1,0,0
868,1,3,2,2,1,1,0
869,1,3,2,2,1,2,0
870,1,3,2,2,2,0,0
871,1,3,2,2,2,1,0
872,1,3,2,2,2,2,0
873,1,3,2,4,0,0,0
874,1,3,2,4,0,1,0
875,1,3,2,4,0,2,1
876,1,3,2,4,1,0,0
877,1,3,2,4,1,1,0
878,1,3,2,4,1,2,1
879,1,3,2,4,2,0,0
880,1,3,2,4,2,1,1
881,1,3,2,4,2,2,1
882,1,3,2,6,0,0,0
883,1,3,2,6,0,1,0
884,1,3,2,6,0,2,0
885,1,3,2,6,1,0,0
886,1,3,2,6,1,1,0
887,1,3,2,6,1,2,1
888,1,3,2,6,2,0,0
889,1,3,2,6,2,1,1
890,1,3,2,6,2,2,1
891,1,3,3,2,0,0,0
892,1,3,3,2,0,1,0
893,1,3,3,2,0,2,0
894,1,3,3,2,1,0,0
895,1,3,3,2,1,1,0
896,1,3,3,2,1,2,0
897,1,3,3,2,2,0,0
898,1,3,3,2,2,1,0
899,1,3,3,2,2,2,0
900,1,3,3,4,0,0,0
901,1,3,3,4,0,1,0
902,1,3,3,4,0,2,1
903,1,3,3,4,1,0,0
904,1,3,3,4,1,1,0
905,1,3,3,4,1,2,1
906,1,3,3,4,2,0,0
907,1,3,3,4,2,1,1
908,1,3,3,4,2,2,1
909,1,3,3,6,0,0,0
910,1,3,3,6,0,1,0
911,1,3,3,6,0,2,1
912,1,3,3,6,1,0,0
913,1,3,3,6,1,1,1
914,1,3,3,6,1,2,1
915,1,3,3,6,2,0,0
916,1,3,3,6,2,1,1
917,1,3,3,6,2,2,1
918,1,3,4,2,0,0,0
919,1,3,4,2,0,1,0
920,1,3,4,2,0,2,0
921,1,3,4,2,1,0,0
922,1,3,4,2,1,1,0
923,1,3,4,2,1,2,0
924,1,3,4,2,2,0,0
925,1,3,4,2,2,1,0
926,1,3,4,2,2,2,0
927,1,3,4,4,0,0,0
928,1,3,4,4,0,1,0
929,1,3,4,4,0,2,1
930,1,3,4,4,1,0,0
931,1,3,4,4,1,1,1
932,1,3,4,4,1,2,1
933,1,3,4,4,2,0,0
934,1,3,4,4,2,1,1
935,1,3,4,4,2,2,1
936,1,3,4,6,0,0,0
937,1,3,4,6,0,1,0
938,1,3,4,6,0,2,1
939,1,3,4,6,1,0,0
940,1,3,4,6,1,1,1
941,1,3,4,6,1,2,1
942,1,3,4,6,2,0,0
943,1,3,4,6,2,1,1
944,1,3,4,6,2,2,1
945,1,3,5,2,0,0,0
946,1,3,5,2,0,1,0
947,1,3,5,2,0,2,0
948,1,3,5,2,1,0,0
949,1,3,5,2,1,1,0
950,1,3,5,2,1,2,0
951,1,3,5,2,2,0,0
952,1,3,5,2,2,1,0
953,1,3,5,2,2,2,0
954,1,3,5,4,0,0,0
955,1,3,5,4,0,1,0
956,1,3,5,4,0,2,1
957,1,3,5,4,1,0,0
958,1,3,5,4,1,1,1
959,1,3,5,4,1,2,1
960,1,3,5,4,2,0,0
961,1,3,5,4,2,1,1
962,1,3,5,4,2,2,1
963,1,3,5,6,0,0,0
964,1,3,5,6,0,1,0
965,1,3,5,6,0,2,1
966,1,3,5,6,1,0,0
967,1,3,5,6,1,1,1
968,1,3,5,6,1,2,1
969,1,3,5,6,2,0,0
970,1,3,5,6,2,1,1
971,1,3,5,6,2,2,1
972,1,2,2,2,0,0,0
973,1,2,2,2,0,1,0
974,1,2,2,2,0,2,0
975,1,2,2,2,1,0,0
976,1,2,2,2,1,1,0
977,1,2,2,2,1,2,0
978,1,2,2,2,2,0,0
979,1,2,2,2,2,1,0
980,1,2,2,2,2,2,0
981,1,2,2,4,0,0,0
982,1,2,2,4,0,1,0
983,1,2,2,4,0,2,1
984,1,2,2,4,1,0,0
985,1,2,2,4,1,1,0
986,1,2,2,4,1,2,1
987,1,2,2,4,2,0,0
988,1,2,2,4,2,1,1
989,1,2,2,4,2,2,1
990,1,2,2,6,0,0,0
991,1,2,2,6,0,1,0
992,1,2,2,6,0,2,0
993,1,2,2,6,1,0,0
994,1,2,2,6,1,1,0
995,1,2,2,6,1,2,1
996,1,2,2,6,2,0,0
997,1,2,2,6,2,1,1
998,1,2,2,6,2,2,1
999,1,2,3,2,0,0,0
1000,1,2,3,2,0,1,0
1001,1,2,3,2,0,2,0
1002,1,2,3,2,1,0,0
1003,1,2,3,2,1,1,0
1004,1,2,3,2,1,2,0
1005,1,2,3,2,2,0,0
1006,1,2,3,2,2,1,0
1007,1,2,3,2,2,2,0
1008,1,2,3,4,0,0,0
1009,1,2,3,4,0,1,0
1010,1,2,3,4,0,2,1
1011,1,2,3,4,1,0,0
1012,1,2,3,4,1,1,0
1013,1,2,3,4,1,2,1
1014,1,2,3,4,2,0,0
1015,1,2,3,4,2,1,1
1016,1,2,3,4,2,2,1
1017,1,2,3,6,0,0,0
1018,1,2,3,6,0,1,0
1019,1,2,3,6,0,2,1
1020,1,2,3,6,1,0,0
1021,1,2,3,6,1,1,1
1022,1,2,3,6,1,2,1
1023,1,2,3,6,2,0,0
1024,1,2,3,6,2,1,1
1025,1,2,3,6,2,2,1
1026,1,2,4,2,0,0,0
1027,1,2,4,2,0,1,0
1028,1,2,4,2,0,2,0
1029,1,2,4,2,1,0,0
1030,1,2,4,2,1,1,0
1031,1,2,4,2,1,2,0
1032,1,2,4,2,2,0,0
1033,1,2,4,2,2,1,0
1034,1,2,4,2,2,2,0
1035,1,2,4,4,0,0,0
1036,1,2,4,4,0,1,0
1037,1,2,4,4,0,2,1
1038,1,2,4,4,1,0,0
1039,1,2,4,4,1,1,1
1040,1,2,4,4,1,2,1
1041,1,2,4,4,2,0,0
1042,1,2,4,4,2,1,1
1043,1,2,4,4,2,2,1
1044,1,2,4,6,0,0,0
1045,1,2,4,6,0,1,0
1046,1,2,4,6,0,2,1
1047,1,2,4,6,1,0,0
1048,1,2,4,6,1,1,1
1049,1,2,4,6,1,2,1
1050,1,2,4,6,2,0,0
1051,1,2,4,6,2,1,1
1052,1,2,4,6,2,2,1
1053,1,2,5,2,0,0,0
1054,1,2,5,2,0,1,0
1055,1,2,5,2,0,2,0
1056,1,2,5,2,1,0,0
1057,1,2,5,2,1,1,0
1058,1,2,5,2,1,2,0
1059,1,2,5,2,2,0,0
1060,1,2,5,2,2,1,0
1061,1,2,5,2,2,2,0
1062,1,2,5,4,0,0,0
1063,1,2,5,4,0,1,0
1064,1,2,5,4,0,2,1
1065,1,2,5,4,1,0,0
1066,1,2,5,4,1,1,1
1067,1,2,5,4,1,2,1
1068,1,2,5,4,2,0,0
1069,1,2,5,4,2,1,1
1070,1,2,5,4,2,2,1
1071,1,2,5,6,0,0,0
1072,1,2,5,6,0,1,0
1073,1,2,5,6,0,2,1
1074,1,2,5,6,1,0,0
1075,1,2,5,6,1,1,1
1076,1,2,5,6,1,2,1
1077,1,2,5,6,2,0,0
1078,1,2,5,6,2,1,1
1079,1,2,5,6,2,2,1
1080,1,1,2,2,0,0,0
1081,1,1,2,2,0,1,0
1082,1,1,2,2,0,2,0
1083,1,1,2,2,1,0,0
1084,1,1,2,2,1,1,0
1085,1,1,2,2,1,2,0
1086,1,1,2,2,2,0,0
1087,1,1,2,2,2,1,0
1088,1,1,2,2,2,2,0
1089,1,1,2,4,0,0,0
1090,1,1,2,4,0,1,1
1091,1,1,2,4,0,2,1
1092,1,1,2,4,1,0,0
1093,1,1,2,4,1,1,1
1094,1,1,2,4,1,2,1
1095,1,1,2,4,2,0,0
1096,1,1,2,4,2,1,1
1097,1,1,2,4,2,2,3
1098,1,1,2,6,0,0,0
1099,1,1,2,6,0,1,0
1100,1,1,2,6,0,2,0
1101,1,1,2,6,1,0,0
1102,1,1,2,6,1,1,1
1103,1,1,2,6,1,2,1
1104,1,1,2,6,2,0,0
1105,1,1,2,6,2,1,1
1106,1,1,2,6,2,2,3
1107,1,1,3,2,0,0,0
1108,1,1,3,2,0,1,0
1109,1,1,3,2,0,2,0
1110,1,1,3,2,1,0,0
1111,1,1,3,2,1,1,0
1112,1,1,3,2,1,2,0
1113,1,1,3,2,2,0,0
1114,1,1,3,2,2,1,0
1115,1,1,3,2,2,2,0
1116,1,1,3,4,0,0,0
1117,1,1,3,4,0,1,1
1118,1,1,3,4,0,2,1
1119,1,1,3,4,1,0,0
1120,1,1,3,4,1,1,1
1121,1,1,3,4,1,2,1
1122,1,1,3,4,2,0,0
1123,1,1,3,4,2,1,1
1124,1,1,3,4,2,2,3
1125,1,1,3,6,0,0,0
1126,1,1,3,6,0,1,1
1127,1,1,3,6,0,2,1
1128,1,1,3,6,1,0,0
1129,1,1,3,6,1,1,1
1130,1,1,3,6,1,2,3
1131,1,1,3,6,2,0,0
1132,1,1,3,6,2,1,1
1133,1,1,3,6,2,2,3
1134,1,1,4,2,0,0,0
1135,1,1,4,2,0,1,0
1136,1,1,4,2,0,2,0
1137,1,1,4,2,1,0,0
1138,1,1,4,2,1,1,0
1139,1,1,4,2,1,2,0
1140,1,1,4,2,2,0,0
1141,1,1,4,2,2,1,0
1142,1,1,4,2,2,2,0
1143,1,1,4,4,0,0,0
1144,1,1,4,4,0,1,1
1145,1,1,4,4,0,2,1
1146,1,1,4,4,1,0,0
1147,1,1,4,4,1,1,1
1148,1,1,4,4,1,2,3
1149,1,1,4,4,2,0,0
1150,1,1,4,4,2,1,1
1151,1,1,4,4,2,2,3
1152,1,1,4,6,0,0,0
1153,1,1,4,6,0,1,1
1154,1,1,4,6,0,2,1
1155,1,1,4,6,1,0,0
1156,1,1,4,6,1,1,1
1157,1,1,4,6,1,2,3
1158,1,1,4,6,2,0,0
1159,1,1,4,6,2,1,1
1160,1,1,4,6,2,2,3
1161,1,1,5,2,0,0,0
1162,1,1,5,2,0,1,0
1163,1,1,5,2,0,2,0
1164,1,1,5,2,1,0,0
1165,1,1,5,2,1,1,0
1166,1,1,5,2,1,2,0
1167,1,1,5,2,2,0,0
1168,1,1,5,2,2,1,0
1169,1,1,5,2,2,2,0
1170,1,1,5,4,0,0,0
1171,1,1,5,4,0,1,1
1172,1,1,5,4,0,2,1
1173,1,1,5,4,1,0,0
1174,1,1,5,4,1,1,1
1175,1,1,5,4,1,2,3
1176,1,1,5,4,2,0,0
1177,1,1,5,4,2,1,1
1178,1,1,5,4,2,2,3
1179,1,1,5,6,0,0,0
1180,1,1,5,6,0,1,1
1181,1,1,5,6,0,2,1
1182,1,1,5,6,1,0,0
1183,1,1,5,6,1,1,1
1184,1,1,5,6,1,2,3
1185,1,1,5,6,2,0,0
1186,1,1,5,6,2,1,1
1187,1,1,5,6,2,2,3
1188,1,0,2,2,0,0,0
1189,1,0,2,2,0,1,0
1190,1,0,2,2,0,2,0
1191,1,0,2,2,1,0,0
1192,1,0,2,2,1,1,0
1193,1,0,2,2,1,2,0
1194,1,0,2,2,2,0,0
1195,1,0,2,2,2,1,0
1196,1,0,2,2,2,2,0
1197,1,0,2,4,0,0,0
1198,1,0,2,4,0,1,1
1199,1,0,2,4,0,2,2
1200,1,0,2,4,1,0,0
1201,1,0,2,4,1,1,1
1202,1,0,2,4,1,2,2
1203,1,0,2,4,2,0,0
1204,1,0,2,4,2,1,2
1205,1,0,2,4,2,2,3
1206,1,0,2,6,0,0,0
1207,1,0,2,6,0,1,0
1208,1,0,2,6,0,2,0
1209,1,0,2,6,1,0,0
1210,1,0,2,6,1,1,1
1211,1,0,2,6,1,2,2
1212,1,0,2,6,2,0,0
1213,1,0,2,6,2,1,2
1214,1,0,2,6,2,2,3
1215,1,0,3,2,0,0,0
1216,1,0,3,2,0,1,0
1217,1,0,3,2,0,2,0
1218,1,0,3,2,1,0,0
1219,1,0,3,2,1,1,0
1220,1,0,3,2,1,2,0
1221,1,0,3,2,2,0,0
1222,1,0,3,2,2,1,0
1223,1,0,3,2,2,2,0
1224,1,0,3,4,0,0,0
1225,1,0,3,4,0,1,1
1226,1,0,3,4,0,2,2
1227,1,0,3,4,1,0,0
1228,1,0,3,4,1,1,1
1229,1,0,3,4,1,2,2
1230,1,0,3,4,2,0,0
1231,1,0,3,4,2,1,2
1232,1,0,3,4,2,2,3
1233,1,0,3,6,0,0,0
1234,1,0,3,6,0,1,1
1235,1,0,3,6,0,2,2
1236,1,0,3,6,1,0,0
1237,1,0,3,6,1,1,2
1238,1,0,3,6,1,2,3
1239,1,0,3,6,2,0,0
1240,1,0,3,6,2,1,2
1241,1,0,3,6,2,2,3
1242,1,0,4,2,0,0,0
1243,1,0,4,2,0,1,0
1244,1,0,4,2,0,2,0
1245,1,0,4,2,1,0,0
1246,1,0,4,2,1,1,0
1247,1,0,4,2,1,2,0
1248,1,0,4,2,2,0,0
1249,1,0,4,2,2,1,0
1250,1,0,4,2,2,2,0
1251,1,0,4,4,0,0,0
1252,1,0,4,4,0,1,1
1253,1,0,4,4,0,2,2
1254,1,0,4,4,1,0,0
1255,1,0,4,4,1,1,2
1256,1,0,4,4,1,2,3
1257,1,0,4,4,2,0,0
1258,1,0,4,4,2,1,2
1259,1,0,4,4,2,2,3
1260,1,0,4,6,0,0,0
1261,1,0,4,6,0,1,1
1262,1,0,4,6,0,2,2
1263,1,0,4,6,1,0,0
1264,1,0,4,6,1,1,2
1265,1,0,4,6,1,2,3
1266,1,0,4,6,2,0,0
1267,1,0,4,6,2,1,2
1268,1,0,4,6,2,2,3
1269,1,0,5,2,0,0,0
1270,1,0,5,2,0,1,0
1271,1,0,5,2,0,2,0
1272,1,0,5,2,1,0,0
1273,1,0,5,2,1,1,0
1274,1,0,5,2,1,2,0
1275,1,0,5,2,2,0,0
1276,1,0,5,2,2,1,0
1277,1,0,5,2,2,2,0
1278,1,0,5,4,0,0,0
1279,1,0,5,4,0,1,1
1280,1,0,5,4,0,2,2
1281,1,0,5,4,1,0,0
1282,1,0,5,4,1,1,2
1283,1,0,5,4,1,2,3
1284,1,0,5,4,2,0,0
1285,1,0,5,4,2,1,2
1286,1,0,5,4,2,2,3
1287,1,0,5,6,0,0,0
1288,1,0,5,6,0,1,1
1289,1,0,5,6,0,2,2
1290,1,0,5,6,1,0,0
1291,1,0,5,6,1,1,2
1292,1,0,5,6,1,2,3
1293,1,0,5,6,2,0,0
1294,1,0,5,6,2,1,2
1295,1,0,5,6,2,2,3
1296,0,3,2,2,0,0,0
1297,0,3,2,2,0,1,0
1298,0,3,2,2,0,2,0
1299,0,3,2,2,1,0,0
1300,0,3,2,2,1,1,0
1301,0,3,2,2,1,2,0
1302,0,3,2,2,2,0,0
1303,0,3,2,2,2,1,0
1304,0,3,2,2,2,2,0
1305,0,3,2,4,0,0,0
1306,0,3,2,4,0,1,0
1307,0,3,2,4,0,2,1
1308,0,3,2,4,1,0,0
1309,0,3,2,4,1,1,0
1310,0,3,2,4,1,2,1
1311,0,3,2,4,2,0,0
1312,0,3,2,4,2,1,1
1313,0,3,2,4,2,2,1
1314,0,3,2,6,0,0,0
1315,0,3,2,6,0,1,0
1316,0,3,2,6,0,2,0
1317,0,3,2,6,1,0,0
1318,0,3,2,6,1,1,0
1319,0,3,2,6,1,2,1
1320,0,3,2,6,2,0,0
1321,0,3,2,6,2,1,1
1322,0,3,2,6,2,2,1
1323,0,3,3,2,0,0,0
1324,0,3,3,2,0,1,0
1325,0,3,3,2,0,2,0
1326,0,3,3,2,1,0,0
1327,0,3,3,2,1,1,0
1328,0,3,3,2,1,2,0
1329,0,3,3,2,2,0,0
1330,0,3,3,2,2,1,0
1331,0,3,3,2,2,2,0
1332,0,3,3,4,0,0,0
1333,0,3,3,4,0,1,0
1334,0,3,3,4,0,2,1
1335,0,3,3,4,1,0,0
1336,0,3,3,4,1,1,0
1337,0,3,3,4,1,2,1
1338,0,3,3,4,2,0,0
1339,0,3,3,4,2,1,1
1340,0,3,3,4,2,2,1
1341,0,3,3,6,0,0,0
1342,0,3,3,6,0,1,0
1343,0,3,3,6,0,2,1
1344,0,3,3,6,1,0,0
1345,0,3,3,6,1,1,1
1346,0,3,3,6,1,2,1
1347,0,3,3,6,2,0,0
1348,0,3,3,6,2,1,1
1349,0,3,3,6,2,2,1
1350,0,3,4,2,0,0,0
1351,0,3,4,2,0,1,0
1352,0,3,4,2,0,2,0
1353,0,3,4,2,1,0,0
1354,0,3,4,2,1,1,0
1355,0,3,4,2,1,2,0
1356,0,3,4,2,2,0,0
1357,0,3,4,2,2,1,0
1358,0,3,4,2,2,2,0
1359,0,3,4,4,0,0,0
1360,0,3,4,4,0,1,0
1361,0,3,4,4,0,2,1
1362,0,3,4,4,1,0,0
1363,0,3,4,4,1,1,1
1364,0,3,4,4,1,2,1
1365,0,3,4,4,2,0,0
1366,0,3,4,4,2,1,1
1367,0,3,4,4,2,2,1
1368,0,3,4,6,0,0,0
1369,0,3,4,6,0,1,0
1370,0,3,4,6,0,2,1
1371,0,3,4,6,1,0,0
1372,0,3,4,6,1,1,1
1373,0,3,4,6,1,2,1
1374,0,3,4,6,2,0,0
1375,0,3,4,6,2,1,1
1376,0,3,4,6,2,2,1
1377,0,3,5,2,0,0,0
1378,0,3,5,2,0,1,0
1379,0,3,5,2,0,2,0
1380,0,3,5,2,1,0,0
1381,0,3,5,2,1,1,0
1382,0,3,5,2,1,2,0
1383,0,3,5,2,2,0,0
1384,0,3,5,2,2,1,0
1385,0,3,5,2,2,2,0
1386,0,3,5,4,0,0,0
1387,0,3,5,4,0,1,0
1388,0,3,5,4,0,2,1
1389,0,3,5,4,1,0,0
1390,0,3,5,4,1,1,1
1391,0,3,5,4,1,2,1
1392,0,3,5,4,2,0,0
1393,0,3,5,4,2,1,1
1394,0,3,5,4,2,2,1
1395,0,3,5,6,0,0,0
1396,0,3,5,6,0,1,0
1397,0,3,5,6,0,2,1
1398,0,3,5,6,1,0,0
1399,0,3,5,6,1,1,1
1400,0,3,5,6,1,2,1
1401,0,3,5,6,2,0,0
1402,0,3,5,6,2,1,1
1403,0,3,5,6,2,2,1
1404,0,2,2,2,0,0,0
1405,0,2,2,2,0,1,0
1406,0,2,2,2,0,2,0
1407,0,2,2,2,1,0,0
1408,0,2,2,2,1,1,0
1409,0,2,2,2,1,2,0
1410,0,2,2,2,2,0,0
1411,0,2,2,2,2,1,0
1412,0,2,2,2,2,2,0
1413,0,2,2,4,0,0,0
1414,0,2,2,4,0,1,1
1415,0,2,2,4,0,2,1
1416,0,2,2,4,1,0,0
1417,0,2,2,4,1,1,1
1418,0,2,2,4,1,2,1
1419,0,2,2,4,2,0,0
1420,0,2,2,4,2,1,1
1421,0,2,2,4,2,2,3
1422,0,2,2,6,0,0,0
1423,0,2,2,6,0,1,0
1424,0,2,2,6,0,2,0
1425,0,2,2,6,1,0,0
1426,0,2,2,6,1,1,1
1427,0,2,2,6,1,2,1
1428,0,2,2,6,2,0,0
1429,0,2,2,6,2,1,1
1430,0,2,2,6,2,2,3
1431,0,2,3,2,0,0,0
1432,0,2,3,2,0,1,0
1433,0,2,3,2,0,2,0
1434,0,2,3,2,1,0,0
1435,0,2,3,2,1,1,0
1436,0,2,3,2,1,2,0
1437,0,2,3,2,2,0,0
1438,0,2,3,2,2,1,0
1439,0,2,3,2,2,2,0
1440,0,2,3,4,0,0,0
1441,0,2,3,4,0,1,1
1442,0,2,3,4,0,2,1
1443,0,2,3,4,1,0,0
1444,0,2,3,4,1,1,1
1445,0,2,3,4,1,2,1
1446,0,2,3,4,2,0,0
1447,0,2,3,4,2,1,1
1448,0,2,3,4,2,2,3
1449,0,2,3,6,0,0,0
1450,0,2,3,6,0,1,1
1451,0,2,3,6,0,2,1
1452,0,2,3,6,1,0,0
1453,0,2,3,6,1,1,1
1454,0,2,3,6,1,2,3
1455,0,2,3,6,2,0,0
1456,0,2,3,6,2,1,1
1457,0,2,3,6,2,2,3
1458,0,2,4,2,0,0,0
1459,0,2,4,2,0,1,0
1460,0,2,4,2,0,2,0
1461,0,2,4,2,1,0,0
1462,0,2,4,2,1,1,0
1463,0,2,4,2,1,2,0
1464,0,2,4,2,2,0,0
1465,0,2,4,2,2,1,0
1466,0,2,4,2,2,2,0
1467,0,2,4,4,0,0,0
1468,0,2,4,4,0,1,1
1469,0,2,4,4,0,2,1
1470,0,2,4,4,1,0,0
1471,0,2,4,4,1,1,1
1472,0,2,4,4,1,2,3
1473,0,2,4,4,2,0,0
1474,0,2,4,4,2,1,1
1475,0,2,4,4,2,2,3
1476,0,2,4,6,0,0,0
1477,0,2,4,6,0,1,1
1478,0,2,4,6,0,2,1
1479,0,2,4,6,1,0,0
1480,0,2,4,6,1,1,1
1481,0,2,4,6,1,2,3
1482,0,2,4,6,2,0,0
1483,0,2,4,6,2,1,1
1484,0,2,4,6,2,2,3
1485,0,2,5,2,0,0,0
1486,0,2,5,2,0,1,0
1487,0,2,5,2,0,2,0
1488,0,2,5,2,1,0,0
1489,0,2,5,2,1,1,0
1490,0,2,5,2,1,2,0
1491,0,2,5,2,2,0,0
1492,0,2,5,2,2,1,0
1493,0,2,5,2,2,2,0
1494,0,2,5,4,0,0,0
1495,0,2,5,4,0,1,1
1496,0,2,5,4,0,2,1
1497,0,2,5,4,1,0,0
1498,0,2,5,4,1,1,1
1499,0,2,5,4,1,2,3
1500,0,2,5,4,2,0,0
1501,0,2,5,4,2,1,1
1502,0,2,5,4,2,2,3
1503,0,2,5,6,0,0,0
1504,0,2,5,6,0,1,1
1505,0,2,5,6,0,2,1
1506,0,2,5,6,1,0,0
1507,0,2,5,6,1,1,1
1508,0,2,5,6,1,2,3
1509,0,2,5,6,2,0,0
1510,0,2,5,6,2,1,1
1511,0,2,5,6,2,2,3
1512,0,1,2,2,0,0,0
1513,0,1,2,2,0,1,0
1514,0,1,2,2,0,2,0
1515,0,1,2,2,1,0,0
1516,0,1,2,2,1,1,0
1517,0,1,2,2,1,2,0
1518,0,1,2,2,2,0,0
1519,0,1,2,2,2,1,0
1520,0,1,2,2,2,2,0
1521,0,1,2,4,0,0,0
1522,0,1,2,4,0,1,1
1523,0,1,2,4,0,2,2
1524,0,1,2,4,1,0,0
1525,0,1,2,4,1,1,1
1526,0,1,2,4,1,2,2
1527,0,1,2,4,2,0,0
1528,0,1,2,4,2,1,2
1529,0,1,2,4,2,2,3
1530,0,1,2,6,0,0,0
1531,0,1,2,6,0,1,0
1532,0,1,2,6,0,2,0
1533,0,1,2,6,1,0,0
1534,0,1,2,6,1,1,1
1535,0,1,2,6,1,2,2
1536,0,1,2,6,2,0,0
1537,0,1,2,6,2,1,2
1538,0,1,2,6,2,2,3
1539,0,1,3,2,0,0,0
1540,0,1,3,2,0,1,0
1541,0,1,3,2,0,2,0
1542,0,1,3,2,1,0,0
1543,0,1,3,2,1,1,0
1544,0,1,3,2,1,2,0
1545,0,1,3,2,2,0,0
1546,0,1,3,2,2,1,0
1547,0,1,3,2,2,2,0
1548,0,1,3,4,0,0,0
1549,0,1,3,4,0,1,1
1550,0,1,3,4,0,2,2
1551,0,1,3,4,1,0,0
1552,0,1,3,4,1,1,1
1553,0,1,3,4,1,2,2
1554,0,1,3,4,2,0,0
1555,0,1,3,4,2,1,2
1556,0,1,3,4,2,2,3
1557,0,1,3,6,0,0,0
1558,0,1,3,6,0,1,1
1559,0,1,3,6,0,2,2
1560,0,1,3,6,1,0,0
1561,0,1,3,6,1,1,2
1562,0,1,3,6,1,2,3
1563,0,1,3,6,2,0,0
1564,0,1,3,6,2,1,2
1565,0,1,3,6,2,2,3
1566,0,1,4,2,0,0,0
1567,0,1,4,2,0,1,0
1568,0,1,4,2,0,2,0
1569,0,1,4,2,1,0,0
1570,0,1,4,2,1,1,0
1571,0,1,4,2,1,2,0
1572,0,1,4,2,2,0,0
1573,0,1,4,2,2,1,0
1574,0,1,4,2,2,2,0
1575,0,1,4,4,0,0,0
1576,0,1,4,4,0,1,1
1577,0,1,4,4,0,2,2
1578,0,1,4,4,1,0,0
1579,0,1,4,4,1,1,2
1580,0,1,4,4,1,2,3
1581,0,1,4,4,2,0,0
1582,0,1,4,4,2,1,2
1583,0,1,4,4,2,2,3
1584,0,1,4,6,0,0,0
1585,0,1,4,6,0,1,1
1586,0,1,4,6,0,2,2
1587,0,1,4,6,1,0,0
1588,0,1,4,6,1,1,2
1589,0,1,4,6,1,2,3
1590,0,1,4,6,2,0,0
1591,0,1,4,6,2,1,2
1592,0,1,4,6,2,2,3
1593,0,1,5,2,0,0,0
1594,0,1,5,2,0,1,0
1595,0,1,5,2,0,2,0
1596,0,1,5,2,1,0,0
1597,0,1,5,2,1,1,0
1598,0,1,5,2,1,2,0
1599,0,1,5,2,2,0,0
1600,0,1,5,2,2,1,0
1601,0,1,5,2,2,2,0
1602,0,1,5,4,0,0,0
1603,0,1,5,4,0,1,1
1604,0,1,5,4,0,2,2
1605,0,1,5,4,1,0,0
1606,0,1,5,4,1,1,2
1607,0,1,5,4,1,2,3
1608,0,1,5,4,2,0,0
1609,0,1,5,4,2,1,2
1610,0,1,5,4,2,2,3
1611,0,1,5,6,0,0,0
1612,0,1,5,6,0,1,1
1613,0,1,5,6,0,2,2
1614,0,1,5,6,1,0,0
1615,0,1,5,6,1,1,2
1616,0,1,5,6,1,2,3
1617,0,1,5,6,2,0,0
1618,0,1,5,6,2,1,2
1619,0,1,5,6,2,2,3
1620,0,0,2,2,0,0,0
1621,0,0,2,2,0,1,0
1622,0,0,2,2,0,2,0
1623,0,0,2,2,1,0,0
1624,0,0,2,2,1,1,0
1625,0,0,2,2,1,2,0
1626,0,0,2,2,2,0,0
1627,0,0,2,2,2,1,0
1628,0,0,2,2,2,2,0
1629,0,0,2,4,0,0,0
1630,0,0,2,4,0,1,1
1631,0,0,2,4,0,2,2
1632,0,0,2,4,1,0,0
1633,0,0,2,4,1,1,1
1634,0,0,2,4,1,2,2
1635,0,0,2,4,2,0,0
1636,0,0,2,4,2,1,2
1637,0,0,2,4,2,2,3
1638,0,0,2,6,0,0,0
1639,0,0,2,6,0,1,0
1640,0,0,2,6,0,2,0
1641,0,0,2,6,1,0,0
1642,0,0,2,6,1,1,1
1643,0,0,2,6,1,2,2
1644,0,0,2,6,2,0,0
1645,0,0,2,6,2,1,2
1646,0,0,2,6,2,2,3
1647,0,0,3,2,0,0,0
1648,0,0,3,2,0,1,0
1649,0,0,3,2,0,2,0
1650,0,0,3,2,1,0,0
1651,0,0,3,2,1,1,0
1652,0,0,3,2,1,2,0
1653,0,0,3,2,2,0,0
1654,0,0,3,2,2,1,0
1655,0,0,3,2,2,2,0
1656,0,0,3,4,0,0,0
1657,0,0,3,4,0,1,1
1658,0,0,3,4,0,2,2
1659,0,0,3,4,1,0,0
1660,0,0,3,4,1,1,1
1661,0,0,3,4,1,2,2
1662,0,0,3,4,2,0,0
1663,0,0,3,4,2,1,2
1664,0,0,3,4,2,2,3
1665,0,0,3,6,0,0,0
1666,0,0,3,6,0,1,1
1667,0,0,3,6,0,2,2
1668,0,0,3,6,1,0,0
1669,0,0,3,6,1,1,2
1670,0,0,3,6,1,2,3
1671,0,0,3,6,2,0,0
1672,0,0,3,6,2,1,2
1673,0,0,3,6,2,2,3
1674,0,0,4,2,0,0,0
1675,0,0,4,2,0,1,0
1676,0,0,4,2,0,2,0
1677,0,0,4,2,1,0,0
1678,0,0,4,2,1,1,0
1679,0,0,4,2,1,2,0
1680,0,0,4,2,2,0,0
1681,0,0,4,2,2,1,0
1682,0,0,4,2,2,2,0
1683,0,0,4,4,0,0,0
1684,0,0,4,4,0,1,1
1685,0,0,4,4,0,2,2
1686,0,0,4,4,1,0,0
1687,0,0,4,4,1,1,2
1688,0,0,4,4,1,2,3
1689,0,0,4,4,2,0,0
1690,0,0,4,4,2,1,2
1691,0,0,4,4,2,2,3
1692,0,0,4,6,0,0,0
1693,0,0,4,6,0,1,1
1694,0,0,4,6,0,2,2
1695,0,0,4,6,1,0,0
1696,0,0,4,6,1,1,2
1697,0,0,4,6,1,2,3
1698,0,0,4,6,2,0,0
1699,0,0,4,6,2,1,2
1700,0,0,4,6,2,2,3
1701,0,0,5,2,0,0,0
1702,0,0,5,2,0,1,0
1703,0,0,5,2,0,2,0
1704,0,0,5,2,1,0,0
1705,0,0,5,2,1,1,0
1706,0,0,5,2,1,2,0
1707,0,0,5,2,2,0,0
1708,0,0,5,2,2,1,0
1709,0,0,5,2,2,2,0
1710,0,0,5,4,0,0,0
1711,0,0,5,4,0,1,1
1712,0,0,5,4,0,2,2
1713,0,0,5,4,1,0,0
1714,0,0,5,4,1,1,2
1715,0,0,5,4,1,2,3
1716,0,0,5,4,2,0,0
1717,0,0,5,4,2,1,2
1718,0,0,5,4,2,2,3
1719,0,0,5,6,0,0,0
1720,0,0,5,6,0,1,1
1721,0,0,5,6,0,2,2
1722,0,0,5,6,1,0,0
1723,0,0,5,6,1,1,2
1724,0,0,5,6,1,2,3
1725,0,0,5,6,2,0,0
1726,0,0,5,6,2,1,2
1727,0,0,5,6,2,2,3
